{
  "peliculas": [
    {
      "titulo": "Avatar",
      "poster": "avatar.jpg",
      "director": "James Cameron",
      "precio": 18.99,
      "categoria": "Adventure",
      "anno": 2009,
      "actores": [],
      "id": 1
    },
    {
      "titulo": "Celda 211",
      "poster": "celda211.jpg",
      "director": "Daniel Monzon",
      "precio": 12.99,
      "categoria": "Crime",
      "anno": 2009,
      "actores": [],
      "id": 2
    },
    {
      "titulo": "Dunkerque",
      "poster": "dunkerque.jpg",
      "director": "Christopher Nolan",
      "precio": 24.99,
      "categoria": "War",
      "anno": 2018,
      "actores": [],
      "id": 3
    },
    {
      "titulo": "El caballero oscuro",
      "poster": "elcaballerooscuro.jpg",
      "director": "Christopher Nolan",
      "precio": 14.39,
      "categoria": "Fantasy",
      "anno": 2008,
      "actores": [],
      "id": 4
    },
    {
      "titulo": "El lobo de Wall Street",
      "poster": "ellobo.jpg",
      "director": "Martin Scorsese",
      "precio": 22.99,
      "categoria": "Drama",
      "anno": 2013,
      "actores": [],
      "id": 5
    },
    {
      "titulo": "Animales Fantasticos y donde encontrarlos",
      "poster": "fantasticbeasts.jpg",
      "director": "David Yates",
      "precio": 28.99,
      "categoria": "Fantasy",
      "anno": 2016,
      "actores": [],
      "id": 6
    },
    {
      "titulo": "Goldfinger",
      "poster": "goldfinger.jpg",
      "director": "Guy Hamilton",
      "precio": 20.99,
      "categoria": "Mistery",
      "anno": 1964,
      "actores": [],
      "id": 7
    },
    {
      "titulo": "El gran torino",
      "poster": "grantorino.jpg",
      "director": "Clint Eastwood",
      "precio": 19.99,
      "categoria": "Drama",
      "anno": 2008,
      "actores": [],
      "id": 8
    },
    {
      "titulo": "Infiltrados",
      "poster": "infiltrados.jpg",
      "director": "Martin Scorsese",
      "precio": 26.99,
      "categoria": "Thriller",
      "anno": 2006,
      "actores": [],
      "id": 9
    },
    {
      "titulo": "Interestelar",
      "poster": "interestelar.jpg",
      "director": "Christopher Nolan",
      "precio": 31.99,
      "categoria": "Sci-Fi",
      "anno": 2014,
      "actores": [],
      "id": 10
    },
    {
      "titulo": "IT",
      "poster": "IT.jpg",
      "director": "Andy Muschietti",
      "precio": 21.99,
      "categoria": "Horror",
      "anno": 2017,
      "actores": [],
      "id": 11
    },
    {
      "titulo": "La sirenita",
      "poster": "lasirenita.jpg",
      "director": "Ron Clements",
      "precio": 8.99,
      "categoria": "Family",
      "anno": 1989,
      "actores": [],
      "id": 12
    },
    {
      "titulo": "El señor de los anillos: La comunidad del anillo",
      "poster": "lorfor.jpg",
      "director": "Peter Jackson",
      "precio": 10.99,
      "categoria": "Adventure",
      "anno": 2001,
      "actores": [],
      "id": 13
    },
    {
      "titulo": "Malditos bastardos",
      "poster": "malditosbastardos.jpg",
      "director": "Quentin Tarantino",
      "precio": 31.99,
      "categoria": "Comedy",
      "anno": 2009,
      "actores": [],
      "id": 14
    },
    {
      "titulo": "Origen",
      "poster": "origen.jpg",
      "director": "Christopher Nolan",
      "precio": 19.99,
      "categoria": "Drama",
      "anno": 2010,
      "actores": [],
      "id": 15
    },
    {
      "titulo": "Shutter island",
      "poster": "shutterisland.jpg",
      "director": "Martin Scorsese",
      "precio": 39.99,
      "categoria": "Thriller",
      "anno": 2010,
      "actores": [],
      "id": 16
    },
    {
      "titulo": "Star Wars: El despertar de la fuerza",
      "poster": "starwars.jpg",
      "director": "J. J. Abrams",
      "precio": 23.92,
      "categoria": "Sci-Fi",
      "anno": 2015,
      "actores": [],
      "id": 17
    },
    {
      "titulo": "Los increibles 2",
      "poster": "theincredibles2.jpg",
      "director": "Brad Bird",
      "precio": 32.99,
      "categoria": "Animation",
      "anno": 2018,
      "actores": [],
      "id": 18
    },
    {
      "titulo": "Toy Story 3",
      "poster": "toystory3.jpg",
      "director": "Lee Unkrich",
      "precio": 28.99,
      "categoria": "Animation",
      "anno": 2010,
      "actores": [],
      "id": 19
    }
  ]
}
