{"peliculas": [{"fecha": "28/10/2018", "id": 12, "pelicula": "La sirenita", "precio": 8.99}, {"fecha": "28/10/2018", "id": 2, "pelicula": "Celda 211", "precio": 12.99}, {"fecha": "29/10/2018", "id": 4, "pelicula": "El caballero oscuro", "precio": 14.39}, {"fecha": "29/10/2018", "id": 18, "pelicula": "Los increibles 2", "precio": 32.99}, {"fecha": "29/10/2018", "id": 2, "pelicula": "Celda 211", "precio": 12.99}, {"fecha": "29/10/2018", "id": 3, "pelicula": "Dunkerque", "precio": 24.99}, {"fecha": "29/10/2018", "id": 3, "pelicula": "Dunkerque", "precio": 24.99}, {"fecha": "29/10/2018", "id": 2, "pelicula": "Celda 211", "precio": 12.99}, {"fecha": "29/10/2018", "id": 9, "pelicula": "Infiltrados", "precio": 26.99}]}